{
  "global_bounds": {
    "p5": -2.3423913754376953,
    "p95": 2.1995730498738295,
    "hard_min": -3.398836877909333,
    "hard_max": 3.442568455332955
  },
  "per_veg_bounds": {
    "apple": {
      "p5": -2.4238005177718134,
      "p95": 1.9040229615719717,
      "hard_min": -3.238593962830427,
      "hard_max": 2.801554504492734
    },
    "banana": {
      "p5": -2.421867499917946,
      "p95": 2.5221471423469604,
      "hard_min": -3.398836877909333,
      "hard_max": 3.442568455332955
    },
    "capsicum": {
      "p5": -1.2100352122243627,
      "p95": 2.193988456775253,
      "hard_min": -2.190934067663882,
      "hard_max": 2.6701247109619826
    },
    "cucumber": {
      "p5": -1.98946969062138,
      "p95": 1.6909114403363807,
      "hard_min": -2.5216484535042953,
      "hard_max": 2.386591370727759
    },
    "potato": {
      "p5": -2.0932420300629273,
      "p95": 1.7217004418487591,
      "hard_min": -3.0087630780129584,
      "hard_max": 2.643677549912543
    }
  },
  "boundary_threshold": 0.05,
  "unstable_std_thresh": 9.0,
  "veg_confidence_threshold": 0.7
}