{
  "grade_thresholds": {
    "truly_fresh": 85,
    "fresh": 65,
    "moderate": 40
  },
  "use_augmentation_gate": false,
  "global_bounds": {
    "p5": -2.4130322378683515,
    "p95": 2.1183354357454784,
    "hard_min": -3.321017046668672,
    "hard_max": 3.1972835783607243
  },
  "per_veg_bounds": {
    "apple": {
      "p5": -2.501901375396444,
      "p95": 2.1348154987984147,
      "hard_min": -3.321017046668672,
      "hard_max": 3.1972835783607243
    },
    "banana": {
      "p5": -2.4724015524473235,
      "p95": 2.1636198230868127,
      "hard_min": -3.26911197894467,
      "hard_max": 2.9228690505514496
    },
    "capsicum": {
      "p5": -1.451808794754237,
      "p95": 2.1655879171644976,
      "hard_min": -2.7297182881034683,
      "hard_max": 2.450990308612228
    },
    "cucumber": {
      "p5": -1.927403381680754,
      "p95": 1.684360726900969,
      "hard_min": -2.6363797853666178,
      "hard_max": 2.3574293824550274
    },
    "potato": {
      "p5": -1.81539664571247,
      "p95": 1.7007925272308497,
      "hard_min": -2.6207065928296736,
      "hard_max": 2.293662804267413
    }
  },
  "boundary_threshold": 0.05,
  "unstable_range_thresh": 32.473686025888085,
  "veg_confidence_threshold": 0.7,
  "veg_gap_threshold": 0.15,
  "veg_gate_source": "design_constant",
  "mahal_thresh_caution": 13.101582527160645,
  "mahal_thresh_ood": 16.852304458618164,
  "ood_rate_val": 0.01024428684003152,
  "centroid_ratio_thresholds": {
    "apple": 1.1013114183644344,
    "banana": 1.0954386190632486,
    "capsicum": 1.0405893188755988,
    "cucumber": 1.0123508794247287,
    "potato": 1.0085176142363397
  },
  "min_laplacian_variance": 28.0,
  "min_brightness": 30.0,
  "max_brightness": 220.0,
  "min_coverage": 0.4,
  "calibration_note": "Data-calibrated on validation split: boundary_threshold, unstable_range_thresh, mahal thresholds, centroid_ratio_thresholds. Design constants (not calibrated): veg_confidence_threshold=0.70, veg_gap_threshold=0.15. Test set not touched during training or calibration."
}